timestamp,open,high,low,close,volume
2025-07-15 14:00:00,0.4521,0.454,0.4418,0.444,3911435.601471
2025-07-15 15:00:00,0.444,0.4461,0.4207,0.4442,10983812.642519
2025-07-15 16:00:00,0.4442,0.4466,0.4425,0.4443,3379946.436643
2025-07-15 17:00:00,0.4443,0.4483,0.4433,0.4475,2595379.573392
2025-07-15 18:00:00,0.4475,0.448,0.4395,0.441,3446355.912049
2025-07-15 19:00:00,0.441,0.4434,0.4354,0.4369,3567098.269853
2025-07-15 20:00:00,0.4369,0.4402,0.4348,0.4393,2348230.584938
2025-07-15 21:00:00,0.4393,0.4436,0.4382,0.4435,1778093.521259
2025-07-15 22:00:00,0.4435,0.4448,0.4422,0.4447,1138664.302455
2025-07-15 23:00:00,0.4447,0.4475,0.4447,0.4462,1037850.811061
2025-07-16 00:00:00,0.4462,0.452,0.4444,0.4503,1390554.823737
2025-07-16 01:00:00,0.4503,0.4508,0.4461,0.4467,1365694.836628
2025-07-16 02:00:00,0.4467,0.4477,0.4408,0.4435,2699303.701695
2025-07-16 03:00:00,0.4435,0.4453,0.4422,0.4443,1137248.122288
2025-07-16 04:00:00,0.4443,0.4465,0.4429,0.4453,1089402.645191
2025-07-16 05:00:00,0.4453,0.4462,0.4446,0.4457,865100.250933
2025-07-16 06:00:00,0.4457,0.4466,0.4443,0.4459,914954.703748
2025-07-16 07:00:00,0.4459,0.4473,0.4441,0.446,1439002.718513
2025-07-16 08:00:00,0.446,0.4483,0.4451,0.4477,1228635.595859
2025-07-16 09:00:00,0.4477,0.4482,0.4456,0.4473,1261122.819051
2025-07-16 10:00:00,0.4473,0.4474,0.4411,0.442,2368109.760843
2025-07-16 11:00:00,0.442,0.444,0.4395,0.4409,1713260.008656
2025-07-16 12:00:00,0.4409,0.4426,0.4356,0.4372,3859465.1469
2025-07-16 13:00:00,0.4372,0.4374,0.4308,0.434,5805133.658307
2025-07-16 14:00:00,0.434,0.4393,0.432,0.4386,3494297.629636
2025-07-16 15:00:00,0.4386,0.442,0.4372,0.439,3660546.157096
2025-07-16 16:00:00,0.439,0.4443,0.4382,0.4443,2553295.856792
2025-07-16 17:00:00,0.4443,0.447,0.4416,0.4447,2556127.635198
2025-07-16 18:00:00,0.4447,0.4481,0.444,0.4444,2856655.041286
2025-07-16 19:00:00,0.4444,0.4449,0.4416,0.4427,2705481.154587
2025-07-16 20:00:00,0.4427,0.4485,0.4427,0.4452,2221211.53949
2025-07-16 21:00:00,0.4452,0.4513,0.4449,0.4489,1222425.147936
2025-07-16 22:00:00,0.4489,0.455,0.4441,0.445,2987620.28655
2025-07-16 23:00:00,0.445,0.446,0.4426,0.445,1471792.406264
2025-07-17 00:00:00,0.445,0.4495,0.4427,0.4463,1762421.610302
2025-07-17 01:00:00,0.4463,0.448,0.4372,0.441,3152272.422075
2025-07-17 02:00:00,0.441,0.444,0.4397,0.4418,1818651.378877
2025-07-17 03:00:00,0.4418,0.4423,0.4361,0.4393,1980752.003637
2025-07-17 04:00:00,0.4393,0.4411,0.4364,0.4407,1910570.318142
2025-07-17 05:00:00,0.4407,0.4423,0.4389,0.4422,1208704.869743
2025-07-17 06:00:00,0.4422,0.4427,0.4376,0.4401,1851826.697983
2025-07-17 07:00:00,0.4401,0.4406,0.4374,0.44,1746453.355843
2025-07-17 08:00:00,0.44,0.4412,0.4385,0.4401,1364530.66071
2025-07-17 09:00:00,0.4401,0.4453,0.4391,0.443,1907162.759382
2025-07-17 10:00:00,0.443,0.4439,0.4396,0.4416,1784772.5737
2025-07-17 11:00:00,0.4416,0.4425,0.4395,0.4419,2328744.988643
2025-07-17 12:00:00,0.4419,0.4428,0.4377,0.4403,3239558.774012
2025-07-17 13:00:00,0.4403,0.441,0.435,0.4392,2379023.526029
2025-07-17 14:00:00,0.4392,0.4426,0.4391,0.4421,2329108.969481
2025-07-17 15:00:00,0.4421,0.4425,0.4387,0.4414,2271716.75847
2025-07-17 16:00:00,0.4414,0.442,0.4344,0.4391,3639406.585683
2025-07-17 17:00:00,0.4391,0.4432,0.4385,0.4427,2214005.476439
2025-07-17 18:00:00,0.4427,0.4432,0.4394,0.4407,1831329.828529
2025-07-17 19:00:00,0.4407,0.4427,0.4379,0.438,1817774.765039
2025-07-17 20:00:00,0.438,0.438,0.4319,0.4359,3207463.837867
2025-07-17 21:00:00,0.4359,0.4415,0.4359,0.4385,2382457.01681
2025-07-17 22:00:00,0.4385,0.4405,0.4373,0.4389,2103834.865276
2025-07-17 23:00:00,0.4389,0.4418,0.438,0.4403,1735142.964257
2025-07-18 00:00:00,0.4403,0.4445,0.4398,0.4426,1851239.179502
2025-07-18 01:00:00,0.4426,0.4479,0.4414,0.4462,2092264.778096
2025-07-18 02:00:00,0.4462,0.4475,0.4422,0.4445,1744495.758562
2025-07-18 03:00:00,0.4445,0.4465,0.4434,0.4449,2378308.345065
2025-07-18 04:00:00,0.4449,0.4488,0.4428,0.448,3162953.693648
2025-07-18 05:00:00,0.448,0.4586,0.448,0.4563,3241237.4675
2025-07-18 06:00:00,0.4563,0.4604,0.4515,0.4557,5981488.080286
2025-07-18 07:00:00,0.4557,0.4567,0.447,0.4473,4906305.353113
2025-07-18 08:00:00,0.4473,0.4532,0.4445,0.4482,3600072.043046
2025-07-18 09:00:00,0.4482,0.459,0.4461,0.4549,3442970.600107
2025-07-18 10:00:00,0.4549,0.4561,0.4503,0.455,2450607.18846
2025-07-18 11:00:00,0.455,0.4585,0.4524,0.4543,2714733.376351
2025-07-18 12:00:00,0.4543,0.4603,0.4532,0.4568,2786774.55317
2025-07-18 13:00:00,0.4568,0.4577,0.453,0.453,2709114.706588
2025-07-18 14:00:00,0.453,0.4544,0.4441,0.4475,4561164.188006
2025-07-18 15:00:00,0.4475,0.4486,0.441,0.4448,3732423.047352
2025-07-18 16:00:00,0.4448,0.4528,0.4448,0.4494,2231468.561313
2025-07-18 17:00:00,0.4494,0.4508,0.4475,0.4497,1353420.017926
2025-07-18 18:00:00,0.4497,0.4538,0.4484,0.4535,1512878.30297
2025-07-18 19:00:00,0.4535,0.455,0.4488,0.4492,2114096.885456
2025-07-18 20:00:00,0.4492,0.4494,0.4419,0.4476,1811783.786123
2025-07-18 21:00:00,0.4476,0.4501,0.4471,0.4475,1428654.58047
2025-07-18 22:00:00,0.4475,0.4499,0.4459,0.4462,1146546.208277
2025-07-18 23:00:00,0.4462,0.4498,0.4436,0.4492,1151549.20263
2025-07-19 00:00:00,0.4492,0.4505,0.4447,0.4448,1504469.949272
2025-07-19 01:00:00,0.4448,0.4476,0.443,0.4474,972621.718449
2025-07-19 02:00:00,0.4474,0.4489,0.4457,0.4484,980504.675622
2025-07-19 03:00:00,0.4484,0.4487,0.4471,0.4479,1083339.10276
2025-07-19 04:00:00,0.4479,0.4484,0.4462,0.4478,1331035.828393
2025-07-19 05:00:00,0.4478,0.449,0.4476,0.4485,831769.973429
2025-07-19 06:00:00,0.4485,0.4489,0.4463,0.447,834605.573081
2025-07-19 07:00:00,0.447,0.4481,0.4461,0.4471,681244.884389
2025-07-19 08:00:00,0.4471,0.4479,0.4447,0.4466,1472589.833585
2025-07-19 09:00:00,0.4466,0.4477,0.4453,0.4459,981066.483782
2025-07-19 10:00:00,0.4459,0.4472,0.445,0.4459,1117445.616343
2025-07-19 11:00:00,0.4459,0.447,0.4444,0.4447,1793093.910952
2025-07-19 12:00:00,0.4447,0.445,0.4431,0.4448,2292634.329794
2025-07-19 13:00:00,0.4448,0.4448,0.4425,0.4432,2544863.19265
2025-07-19 14:00:00,0.4432,0.4434,0.4383,0.4393,4364641.287164
2025-07-19 15:00:00,0.4393,0.4419,0.4388,0.4403,4138865.138525
2025-07-19 16:00:00,0.4403,0.4409,0.4381,0.4394,2896369.140447
2025-07-19 17:00:00,0.4394,0.4399,0.4379,0.4391,1004366.901305
2025-07-19 18:00:00,0.4391,0.441,0.4383,0.44,646246.088245
2025-07-19 19:00:00,0.44,0.4428,0.4396,0.4418,690924.522706
2025-07-19 20:00:00,0.4418,0.4443,0.4414,0.4424,1346177.393519
2025-07-19 21:00:00,0.4424,0.4432,0.44,0.4423,941145.728972
2025-07-19 22:00:00,0.4423,0.4432,0.4415,0.4431,437379.786794
2025-07-19 23:00:00,0.4431,0.4445,0.4427,0.4441,479029.819624
2025-07-20 00:00:00,0.4441,0.4447,0.4428,0.4444,484206.581175
2025-07-20 01:00:00,0.4444,0.4469,0.4435,0.4439,1079958.132052
2025-07-20 02:00:00,0.4439,0.4452,0.4433,0.4445,788681.090508
2025-07-20 03:00:00,0.4445,0.4466,0.4441,0.4447,1012123.194225
2025-07-20 04:00:00,0.4447,0.446,0.4439,0.4446,882202.727889
2025-07-20 05:00:00,0.4446,0.4452,0.4434,0.4451,745828.856896
2025-07-20 06:00:00,0.4451,0.4453,0.4438,0.4439,711187.192257
2025-07-20 07:00:00,0.4439,0.4452,0.4437,0.4438,1185844.956659
2025-07-20 08:00:00,0.4438,0.4467,0.4438,0.4463,1301732.829787
2025-07-20 09:00:00,0.4463,0.4469,0.445,0.4454,1679565.586018
2025-07-20 10:00:00,0.4454,0.4465,0.4445,0.4454,930447.941903
2025-07-20 11:00:00,0.4454,0.4478,0.4453,0.4473,1246636.235751
2025-07-20 12:00:00,0.4473,0.4477,0.4456,0.4474,1551424.015987
2025-07-20 13:00:00,0.4474,0.4495,0.4465,0.4495,1875927.066428
2025-07-20 14:00:00,0.4495,0.45,0.4471,0.4485,2133233.008651
2025-07-20 15:00:00,0.4485,0.4498,0.4466,0.4487,1971672.161562
2025-07-20 16:00:00,0.4487,0.4553,0.4487,0.4512,3298523.747207
2025-07-20 17:00:00,0.4512,0.4538,0.4482,0.4516,2002888.399142
2025-07-20 18:00:00,0.4516,0.454,0.4491,0.4514,1236342.123015
2025-07-20 19:00:00,0.4514,0.4533,0.4509,0.4509,722628.226554
2025-07-20 20:00:00,0.4509,0.4517,0.4488,0.4503,1120409.943003
2025-07-20 21:00:00,0.4503,0.4525,0.4485,0.4525,779376.018432
2025-07-20 22:00:00,0.4525,0.4526,0.4423,0.4487,2485538.155763
2025-07-20 23:00:00,0.4487,0.4488,0.4451,0.4462,1747555.76617
2025-07-21 00:00:00,0.4462,0.4471,0.4423,0.4451,1908524.479952
2025-07-21 01:00:00,0.4451,0.4452,0.4411,0.4434,1372116.483624
2025-07-21 02:00:00,0.4434,0.4474,0.4432,0.4469,769969.237734
2025-07-21 03:00:00,0.4469,0.4493,0.4468,0.4487,965002.636012
2025-07-21 04:00:00,0.4487,0.4492,0.4467,0.4484,847338.500462
2025-07-21 05:00:00,0.4484,0.4492,0.4467,0.4489,700420.113772
2025-07-21 06:00:00,0.4489,0.4528,0.4489,0.4509,1865287.821655
2025-07-21 07:00:00,0.4509,0.4523,0.4497,0.4507,1151180.807291
2025-07-21 08:00:00,0.4507,0.4516,0.4495,0.4509,1280710.874168
2025-07-21 09:00:00,0.4509,0.4591,0.4507,0.4558,2277980.560788
2025-07-21 10:00:00,0.4558,0.4581,0.4527,0.4547,1919509.28666
2025-07-21 11:00:00,0.4547,0.4568,0.4533,0.4539,2251675.896746
2025-07-21 12:00:00,0.4539,0.4548,0.4516,0.4524,1250986.257229
2025-07-21 13:00:00,0.4524,0.4536,0.4501,0.4535,1329208.450068
2025-07-21 14:00:00,0.4535,0.457,0.4516,0.4558,1809468.97449
2025-07-21 15:00:00,0.4558,0.4565,0.4523,0.4532,2207410.63903
2025-07-21 16:00:00,0.4532,0.4554,0.4462,0.451,2633691.584682
2025-07-21 17:00:00,0.451,0.4578,0.4507,0.4567,2275626.423528
2025-07-21 18:00:00,0.4567,0.4568,0.4505,0.4517,1355780.576403
2025-07-21 19:00:00,0.4517,0.4526,0.4482,0.4497,1124842.053906
2025-07-21 20:00:00,0.4497,0.4544,0.4487,0.454,827549.428968
2025-07-21 21:00:00,0.454,0.4581,0.4527,0.453,805246.887325
2025-07-21 22:00:00,0.453,0.4566,0.4529,0.4545,736291.622403
2025-07-21 23:00:00,0.4545,0.457,0.4536,0.4563,604271.795356
2025-07-22 00:00:00,0.4563,0.4885,0.4563,0.4767,8524123.584926
2025-07-22 01:00:00,0.4767,0.5212,0.4737,0.5124,13676201.457073
2025-07-22 02:00:00,0.5124,0.5166,0.4839,0.4864,10033614.381348
2025-07-22 03:00:00,0.4864,0.4972,0.4824,0.497,4062100.009878
2025-07-22 04:00:00,0.497,0.5008,0.4849,0.4872,3928053.759024
2025-07-22 05:00:00,0.4872,0.4897,0.4767,0.4842,3775043.322371
2025-07-22 06:00:00,0.4842,0.4928,0.4824,0.4873,3409135.454388
2025-07-22 07:00:00,0.4873,0.4893,0.4823,0.4846,1933122.079882
2025-07-22 08:00:00,0.4846,0.4871,0.473,0.4786,4796128.750822
2025-07-22 09:00:00,0.4786,0.4819,0.4709,0.4756,3668652.227382
2025-07-22 10:00:00,0.4756,0.4822,0.475,0.4819,1620519.203186
2025-07-22 11:00:00,0.4819,0.4877,0.4802,0.4837,2836602.829649
2025-07-22 12:00:00,0.4837,0.4838,0.4773,0.4809,2223557.024911
2025-07-22 13:00:00,0.4809,0.4827,0.473,0.4747,2368963.334319
2025-07-22 14:00:00,0.4747,0.4787,0.4716,0.4781,2035880.053259
2025-07-22 15:00:00,0.4781,0.4789,0.475,0.4786,1151932.516208
2025-07-22 16:00:00,0.4786,0.4851,0.4786,0.4821,3005273.461174
2025-07-22 17:00:00,0.4821,0.484,0.4787,0.4829,1416577.331328
2025-07-22 18:00:00,0.4829,0.4844,0.48,0.4831,1105624.044764
2025-07-22 19:00:00,0.4831,0.4879,0.4806,0.4828,1129764.894042
2025-07-22 20:00:00,0.4828,0.4879,0.4814,0.4845,1238700.249476
2025-07-22 21:00:00,0.4845,0.4897,0.4845,0.4865,1070275.383201
2025-07-22 22:00:00,0.4865,0.4878,0.4837,0.4845,815654.220467
2025-07-22 23:00:00,0.4845,0.4943,0.4845,0.4904,1728472.655213
2025-07-23 00:00:00,0.4904,0.4917,0.4822,0.4836,1783024.096333
2025-07-23 01:00:00,0.4836,0.4839,0.4802,0.4813,1263476.099149
2025-07-23 02:00:00,0.4813,0.4815,0.4751,0.4771,1600394.52455
2025-07-23 03:00:00,0.4771,0.4771,0.4696,0.4714,1797194.005557
2025-07-23 04:00:00,0.4714,0.4759,0.4712,0.4739,1994981.134986
2025-07-23 05:00:00,0.4739,0.4758,0.4728,0.4758,1124595.697057
2025-07-23 06:00:00,0.4758,0.4774,0.465,0.4683,2898973.437308
2025-07-23 07:00:00,0.4683,0.4683,0.4622,0.4647,1860725.861811
2025-07-23 08:00:00,0.4647,0.4673,0.4627,0.467,1146793.978105
2025-07-23 09:00:00,0.467,0.4676,0.4594,0.4606,2240049.486561
2025-07-23 10:00:00,0.4606,0.4621,0.4584,0.4612,1899996.519636
2025-07-23 11:00:00,0.4612,0.4616,0.456,0.4612,2022929.905206
2025-07-23 12:00:00,0.4612,0.4613,0.4508,0.4536,2489507.902018
2025-07-23 13:00:00,0.4536,0.4566,0.4452,0.4498,4272672.309503
2025-07-23 14:00:00,0.4498,0.455,0.4485,0.454,2539373.813424
2025-07-23 15:00:00,0.454,0.4555,0.4522,0.4544,1733522.850817
2025-07-23 16:00:00,0.4544,0.4544,0.447,0.4483,1554491.041237
2025-07-23 17:00:00,0.4483,0.4505,0.445,0.4497,1726722.779101
2025-07-23 18:00:00,0.4497,0.4519,0.4487,0.4508,1106254.927209
2025-07-23 19:00:00,0.4508,0.4539,0.4506,0.452,894880.867337
2025-07-23 20:00:00,0.452,0.4533,0.4436,0.4494,1566245.60946
2025-07-23 21:00:00,0.4494,0.4516,0.4408,0.45,3695012.080418
2025-07-23 22:00:00,0.45,0.452,0.4467,0.4509,1177899.879288
2025-07-23 23:00:00,0.4509,0.4535,0.4502,0.4528,977447.931309
2025-07-24 00:00:00,0.4528,0.4532,0.4486,0.4516,1389962.398384
2025-07-24 01:00:00,0.4516,0.4516,0.4471,0.4505,859821.742126
2025-07-24 02:00:00,0.4505,0.4506,0.4465,0.4477,912321.995289
2025-07-24 03:00:00,0.4477,0.4496,0.446,0.4461,847630.626471
2025-07-24 04:00:00,0.4461,0.447,0.4405,0.442,1694123.576581
2025-07-24 05:00:00,0.442,0.4437,0.4366,0.4387,2764248.286574
2025-07-24 06:00:00,0.4387,0.4431,0.4341,0.44,3022633.21709
2025-07-24 07:00:00,0.44,0.4439,0.4377,0.4428,2050117.199935
2025-07-24 08:00:00,0.4428,0.4454,0.441,0.443,1315611.330601
2025-07-24 09:00:00,0.443,0.4439,0.4412,0.4431,1107927.391734
2025-07-24 10:00:00,0.4431,0.4443,0.4403,0.4431,991474.513112
2025-07-24 11:00:00,0.4431,0.4441,0.4424,0.4434,985292.297048
2025-07-24 12:00:00,0.4434,0.4434,0.4405,0.4414,717410.458481
2025-07-24 13:00:00,0.4414,0.4441,0.4405,0.4414,1264226.997811
2025-07-24 14:00:00,0.4414,0.4454,0.4387,0.4444,1339819.111303
2025-07-24 15:00:00,0.4444,0.448,0.4428,0.4446,1509457.889248
2025-07-24 16:00:00,0.4446,0.4452,0.441,0.4426,1031253.934183
2025-07-24 17:00:00,0.4426,0.4464,0.442,0.4454,1049838.931846
2025-07-24 18:00:00,0.4454,0.4462,0.4444,0.4455,533202.195706
2025-07-24 19:00:00,0.4455,0.4467,0.4429,0.4431,942289.966178
2025-07-24 20:00:00,0.4431,0.4453,0.442,0.4448,613732.996646
2025-07-24 21:00:00,0.4448,0.4471,0.4438,0.4463,743118.835476
2025-07-24 22:00:00,0.4463,0.448,0.4437,0.4474,736576.303568
2025-07-24 23:00:00,0.4474,0.4475,0.4438,0.445,485143.456722
2025-07-25 00:00:00,0.445,0.4465,0.4414,0.4416,688002.007285
2025-07-25 01:00:00,0.4416,0.4442,0.4406,0.4437,642161.379457
2025-07-25 02:00:00,0.4437,0.4439,0.4377,0.439,991458.443971
2025-07-25 03:00:00,0.439,0.4414,0.435,0.437,1301196.259908
2025-07-25 04:00:00,0.437,0.4402,0.4339,0.4398,1617193.788571
2025-07-25 05:00:00,0.4398,0.4408,0.4376,0.4384,1115300.606991
2025-07-25 06:00:00,0.4384,0.4403,0.4361,0.4398,1477410.835275
2025-07-25 07:00:00,0.4398,0.4422,0.4375,0.4398,1755870.987268
2025-07-25 08:00:00,0.4398,0.442,0.439,0.4396,859164.168502
2025-07-25 09:00:00,0.4396,0.4422,0.4385,0.4418,725551.150692
2025-07-25 10:00:00,0.4418,0.442,0.4401,0.4415,607473.943472
2025-07-25 11:00:00,0.4415,0.4425,0.4405,0.4411,734454.981993
2025-07-25 12:00:00,0.4411,0.4414,0.4389,0.4408,650096.194392
2025-07-25 13:00:00,0.4408,0.441,0.4377,0.4395,896683.541658
2025-07-25 14:00:00,0.4395,0.44,0.4338,0.4349,1994923.201372
2025-07-25 15:00:00,0.4349,0.4378,0.4344,0.4371,1775942.897388
2025-07-25 16:00:00,0.4371,0.439,0.4363,0.4387,1398292.793227
2025-07-25 17:00:00,0.4387,0.4397,0.4384,0.4385,656434.539235
2025-07-25 18:00:00,0.4385,0.4394,0.438,0.4386,520590.33456
2025-07-25 19:00:00,0.4386,0.4398,0.4383,0.4393,482647.12783
2025-07-25 20:00:00,0.4393,0.4409,0.4389,0.4408,466087.931546
2025-07-25 21:00:00,0.4408,0.4422,0.4408,0.4416,378207.12436
2025-07-25 22:00:00,0.4416,0.443,0.4409,0.4422,468753.249653
2025-07-25 23:00:00,0.4422,0.4428,0.4415,0.4426,437070.130401
2025-07-26 00:00:00,0.4426,0.4426,0.4399,0.4408,607191.366354
2025-07-26 01:00:00,0.4408,0.4413,0.4398,0.4398,351875.132509
2025-07-26 02:00:00,0.4398,0.4422,0.4397,0.4414,743408.882206
2025-07-26 03:00:00,0.4414,0.443,0.4414,0.4425,308576.188209
2025-07-26 04:00:00,0.4425,0.4452,0.4425,0.4433,1006110.178158
2025-07-26 05:00:00,0.4433,0.4441,0.4424,0.4427,708129.464703
2025-07-26 06:00:00,0.4427,0.4437,0.4427,0.4428,766101.098735
2025-07-26 07:00:00,0.4428,0.443,0.4415,0.4425,1259828.718201
2025-07-26 08:00:00,0.4425,0.443,0.4419,0.4423,668108.103602
2025-07-26 09:00:00,0.4423,0.4429,0.4406,0.4417,791339.049557
2025-07-26 10:00:00,0.4417,0.4426,0.4411,0.4413,648027.520982
2025-07-26 11:00:00,0.4413,0.442,0.4405,0.4411,648103.518828
2025-07-26 12:00:00,0.4411,0.4418,0.44,0.4411,325574.394703
2025-07-26 13:00:00,0.4411,0.4424,0.441,0.4414,737876.951055
2025-07-26 14:00:00,0.4414,0.4426,0.4414,0.4415,447553.254729
2025-07-26 15:00:00,0.4415,0.443,0.4413,0.4427,369034.850562
2025-07-26 16:00:00,0.4427,0.4439,0.4416,0.4418,838147.092877
2025-07-26 17:00:00,0.4418,0.4423,0.4409,0.4414,587577.398855
2025-07-26 18:00:00,0.4414,0.4419,0.4404,0.4414,370950.541378
2025-07-26 19:00:00,0.4414,0.4418,0.4411,0.4415,473858.705828
2025-07-26 20:00:00,0.4415,0.4418,0.4408,0.4414,292104.424198
2025-07-26 21:00:00,0.4414,0.4428,0.4409,0.4423,285226.596856
2025-07-26 22:00:00,0.4423,0.4436,0.4409,0.441,595830.176671
2025-07-26 23:00:00,0.441,0.4416,0.4407,0.4408,394501.660832
2025-07-27 00:00:00,0.4408,0.4409,0.4395,0.4402,449148.692724
2025-07-27 01:00:00,0.4402,0.4414,0.4396,0.4404,578783.62866
2025-07-27 02:00:00,0.4404,0.4414,0.4399,0.4412,299401.884707
2025-07-27 03:00:00,0.4412,0.4415,0.4401,0.4403,810926.295586
2025-07-27 04:00:00,0.4403,0.4417,0.4401,0.4415,613339.761794
2025-07-27 05:00:00,0.4415,0.443,0.4413,0.4417,626167.061618
2025-07-27 06:00:00,0.4417,0.4424,0.4408,0.4423,449109.418764
2025-07-27 07:00:00,0.4423,0.4446,0.4422,0.4425,1106993.543445
2025-07-27 08:00:00,0.4425,0.444,0.4422,0.4432,830615.129313
2025-07-27 09:00:00,0.4432,0.4433,0.4414,0.4424,542592.208162
2025-07-27 10:00:00,0.4424,0.4439,0.4424,0.4433,771427.465229
2025-07-27 11:00:00,0.4433,0.4435,0.4424,0.4427,669270.264031
2025-07-27 12:00:00,0.4427,0.4434,0.4419,0.4429,746315.941875
2025-07-27 13:00:00,0.4429,0.4432,0.4421,0.4424,551068.787411
2025-07-27 14:00:00,0.4424,0.4433,0.4414,0.4418,574340.708713
2025-07-27 15:00:00,0.4418,0.4423,0.4409,0.4422,510112.52238
2025-07-27 16:00:00,0.4422,0.4439,0.442,0.4429,1498626.590381
2025-07-27 17:00:00,0.4429,0.4434,0.4418,0.4422,528727.810948
2025-07-27 18:00:00,0.4422,0.4426,0.4418,0.4424,459913.610074
2025-07-27 19:00:00,0.4424,0.4425,0.4412,0.4417,583878.056957
2025-07-27 20:00:00,0.4417,0.4424,0.4414,0.4419,341619.287364
2025-07-27 21:00:00,0.4419,0.443,0.4419,0.4424,207255.098254
2025-07-27 22:00:00,0.4424,0.4443,0.4423,0.4431,453625.943361
2025-07-27 23:00:00,0.4431,0.4438,0.442,0.4431,443301.120612
2025-07-28 00:00:00,0.4431,0.4594,0.4431,0.4503,6129120.766842
2025-07-28 01:00:00,0.4503,0.4597,0.4503,0.4565,3063317.275274
2025-07-28 02:00:00,0.4565,0.4722,0.4565,0.4611,6991561.125802
2025-07-28 03:00:00,0.4611,0.4643,0.4523,0.4556,3255330.516528
2025-07-28 04:00:00,0.4556,0.4569,0.4487,0.453,1555591.874167
2025-07-28 05:00:00,0.453,0.453,0.4494,0.452,1328605.182416
2025-07-28 06:00:00,0.452,0.4559,0.4515,0.4555,1398355.063067
2025-07-28 07:00:00,0.4555,0.4568,0.4493,0.4505,1366243.544211
2025-07-28 08:00:00,0.4505,0.4506,0.4451,0.4488,2356017.681405
2025-07-28 09:00:00,0.4488,0.4488,0.4456,0.4478,1395352.587077
2025-07-28 10:00:00,0.4478,0.4483,0.4454,0.4469,816063.285894
2025-07-28 11:00:00,0.4469,0.4489,0.446,0.4486,942432.189692
2025-07-28 12:00:00,0.4486,0.4497,0.4467,0.4472,986199.235216
2025-07-28 13:00:00,0.4472,0.4476,0.4438,0.4464,1154567.848129
2025-07-28 14:00:00,0.4464,0.4475,0.4428,0.4467,1557562.648471
2025-07-28 15:00:00,0.4467,0.4468,0.444,0.4445,854959.598437
2025-07-28 16:00:00,0.4445,0.4459,0.4427,0.4451,907969.462334
2025-07-28 17:00:00,0.4451,0.4455,0.4437,0.444,721432.244398
2025-07-28 18:00:00,0.444,0.4444,0.4412,0.4426,990989.99258
2025-07-28 19:00:00,0.4426,0.4437,0.4406,0.4426,750905.793916
2025-07-28 20:00:00,0.4426,0.4428,0.4388,0.4412,1152752.634429
2025-07-28 21:00:00,0.4412,0.444,0.4409,0.4425,844511.200303
2025-07-28 22:00:00,0.4425,0.4439,0.4394,0.4414,538341.61042
2025-07-28 23:00:00,0.4414,0.4436,0.4406,0.4422,793938.580597
2025-07-29 00:00:00,0.4422,0.4424,0.4348,0.4395,1665423.791322
2025-07-29 01:00:00,0.4395,0.4412,0.4382,0.4388,1047166.857056
2025-07-29 02:00:00,0.4388,0.4388,0.435,0.4369,1543237.771155
2025-07-29 03:00:00,0.4369,0.4397,0.4368,0.4394,877038.966595
2025-07-29 04:00:00,0.4394,0.4403,0.4386,0.4394,656287.894596
2025-07-29 05:00:00,0.4394,0.4408,0.4389,0.4392,628247.903265
2025-07-29 06:00:00,0.4392,0.44,0.4383,0.4393,956286.906986
2025-07-29 07:00:00,0.4393,0.4397,0.4383,0.4395,919767.244892
2025-07-29 08:00:00,0.4395,0.4396,0.4377,0.4383,671681.723886
2025-07-29 09:00:00,0.4383,0.4392,0.437,0.4373,1021543.532211
2025-07-29 10:00:00,0.4373,0.4376,0.4336,0.4345,3169724.941895
2025-07-29 11:00:00,0.4345,0.4367,0.4319,0.4366,1672290.687982
2025-07-29 12:00:00,0.4366,0.4384,0.436,0.4375,1079443.474478
2025-07-29 13:00:00,0.4375,0.4385,0.4346,0.4348,846117.163333
2025-07-29 14:00:00,0.4348,0.435,0.4266,0.4308,3171319.536299
2025-07-29 15:00:00,0.4308,0.4319,0.4285,0.4304,1120138.031677
2025-07-29 16:00:00,0.4304,0.431,0.425,0.4288,1966807.515098
2025-07-29 17:00:00,0.4288,0.4307,0.4285,0.429,1615296.988637
2025-07-29 18:00:00,0.429,0.43,0.4271,0.4278,626041.570472
2025-07-29 19:00:00,0.4278,0.4294,0.4252,0.426,862017.50832
2025-07-29 20:00:00,0.426,0.4267,0.4209,0.4228,1838276.90021
2025-07-29 21:00:00,0.4228,0.4289,0.4205,0.4274,1699886.686437
2025-07-29 22:00:00,0.4274,0.4283,0.4254,0.428,485546.802372
2025-07-29 23:00:00,0.428,0.429,0.4274,0.4289,550440.605788
2025-07-30 00:00:00,0.4289,0.4302,0.4254,0.4276,495618.126368
2025-07-30 01:00:00,0.4276,0.4287,0.4247,0.4276,564732.069477
2025-07-30 02:00:00,0.4276,0.4278,0.4262,0.427,458216.333981
2025-07-30 03:00:00,0.427,0.4277,0.4262,0.4269,305638.247747
2025-07-30 04:00:00,0.4269,0.4275,0.4237,0.4241,673327.359356
2025-07-30 05:00:00,0.4241,0.4259,0.4227,0.4255,890386.071015
2025-07-30 06:00:00,0.4255,0.4262,0.4241,0.4257,790209.178538
2025-07-30 07:00:00,0.4257,0.4263,0.4221,0.4224,1030556.191649
2025-07-30 08:00:00,0.4224,0.4245,0.4215,0.423,734999.015914
2025-07-30 09:00:00,0.423,0.4236,0.4168,0.4204,2348870.394854
2025-07-30 10:00:00,0.4204,0.4221,0.418,0.4185,1022779.431473
2025-07-30 11:00:00,0.4185,0.4195,0.4093,0.4119,3705154.187571
2025-07-30 12:00:00,0.4119,0.4148,0.4038,0.4135,11268738.148165
2025-07-30 13:00:00,0.4135,0.4181,0.4128,0.4167,1939976.011836
2025-07-30 14:00:00,0.4167,0.4208,0.4139,0.418,2652834.092321
2025-07-30 15:00:00,0.418,0.4186,0.4158,0.4181,2869995.648583
2025-07-30 16:00:00,0.4181,0.4201,0.4172,0.4179,2068065.47445
2025-07-30 17:00:00,0.4179,0.4188,0.4168,0.4186,864670.418763
2025-07-30 18:00:00,0.4186,0.4197,0.413,0.4134,2157906.224858
2025-07-30 19:00:00,0.4134,0.4163,0.4052,0.4158,6543396.466564
2025-07-30 20:00:00,0.4158,0.4184,0.4151,0.4162,3457778.624094
2025-07-30 21:00:00,0.4162,0.4177,0.4144,0.4164,835959.399786
2025-07-30 22:00:00,0.4164,0.4177,0.4153,0.4177,585510.204706
2025-07-30 23:00:00,0.4177,0.4196,0.4175,0.419,952406.659932
2025-07-31 00:00:00,0.419,0.4327,0.4182,0.4309,2277783.550597
2025-07-31 01:00:00,0.4309,0.436,0.4208,0.4242,4733488.424806
2025-07-31 02:00:00,0.4242,0.4243,0.4214,0.4237,980206.585227
2025-07-31 03:00:00,0.4237,0.4247,0.4201,0.4222,1355612.192573
2025-07-31 04:00:00,0.4222,0.4226,0.4203,0.4222,756274.6557
2025-07-31 05:00:00,0.4222,0.4227,0.4211,0.4215,592303.478634
2025-07-31 06:00:00,0.4215,0.422,0.4168,0.4204,1656657.775651
2025-07-31 07:00:00,0.4204,0.4206,0.4179,0.4192,1177756.70063
2025-07-31 08:00:00,0.4192,0.4206,0.4183,0.4192,826386.456248
2025-07-31 09:00:00,0.4192,0.4197,0.418,0.4186,699482.354769
2025-07-31 10:00:00,0.4186,0.4188,0.4156,0.4172,1021893.519599
2025-07-31 11:00:00,0.4172,0.4182,0.4147,0.4152,892278.170807
2025-07-31 12:00:00,0.4152,0.4158,0.4123,0.4142,1800569.199113
2025-07-31 13:00:00,0.4142,0.4152,0.4108,0.4141,1865106.19944
2025-07-31 14:00:00,0.4141,0.4143,0.4115,0.4125,2003175.647485
2025-07-31 15:00:00,0.4125,0.4147,0.4122,0.4136,1793393.264983
2025-07-31 16:00:00,0.4136,0.4164,0.4131,0.4151,1282805.813609
2025-07-31 17:00:00,0.4151,0.4167,0.4143,0.4154,1577699.111226
2025-07-31 18:00:00,0.4154,0.4157,0.4127,0.4149,963400.366442
2025-07-31 19:00:00,0.4149,0.4151,0.4128,0.4131,945051.734878
2025-07-31 20:00:00,0.4131,0.4136,0.409,0.4111,1141116.583045
2025-07-31 21:00:00,0.4111,0.4123,0.4087,0.4115,1537954.142906
2025-07-31 22:00:00,0.4115,0.4116,0.4015,0.4056,5899158.023814
2025-07-31 23:00:00,0.4056,0.4105,0.405,0.4092,1518801.982088
2025-08-01 00:00:00,0.4092,0.4104,0.3976,0.4068,5348395.744568
2025-08-01 01:00:00,0.4068,0.4119,0.4054,0.409,2066327.05622
2025-08-01 02:00:00,0.409,0.4111,0.408,0.4101,1898306.431528
2025-08-01 03:00:00,0.4101,0.4121,0.4086,0.4091,1264031.408413
2025-08-01 04:00:00,0.4091,0.4091,0.4063,0.4082,1075523.013803
2025-08-01 05:00:00,0.4082,0.4095,0.4066,0.4085,895911.357451
2025-08-01 06:00:00,0.4085,0.4088,0.4042,0.406,1171217.470148
2025-08-01 07:00:00,0.406,0.4072,0.4025,0.4036,1841800.763807
2025-08-01 08:00:00,0.4036,0.4044,0.3985,0.4036,3251607.388092
2025-08-01 09:00:00,0.4036,0.4059,0.402,0.4025,1510392.612086
2025-08-01 10:00:00,0.4025,0.4039,0.4017,0.4028,1419204.456562
2025-08-01 11:00:00,0.4028,0.4049,0.4021,0.4041,924841.200201
2025-08-01 12:00:00,0.4041,0.4081,0.4039,0.4052,1252028.412076
2025-08-01 13:00:00,0.4052,0.4066,0.3994,0.4017,1575652.25043
2025-08-01 14:00:00,0.4017,0.4063,0.3988,0.4054,1798031.247446
2025-08-01 15:00:00,0.4054,0.4062,0.4023,0.4059,1404221.710153
2025-08-01 16:00:00,0.4059,0.4089,0.4034,0.4046,1510097.257479
2025-08-01 17:00:00,0.4046,0.407,0.4033,0.4048,1102326.210039
2025-08-01 18:00:00,0.4048,0.4081,0.4037,0.4058,1157794.648991
2025-08-01 19:00:00,0.4058,0.409,0.4056,0.4079,1480912.476344
2025-08-01 20:00:00,0.4079,0.4092,0.403,0.4063,1388813.48782
2025-08-01 21:00:00,0.4063,0.4079,0.4061,0.4063,385553.584863
2025-08-01 22:00:00,0.4063,0.407,0.322,0.3688,18225685.95715
2025-08-01 23:00:00,0.3688,0.3774,0.3681,0.3715,4250535.411828
2025-08-02 00:00:00,0.3715,0.3813,0.3701,0.3759,2969083.03521
2025-08-02 01:00:00,0.3759,0.3759,0.3705,0.3705,1630041.779649
2025-08-02 02:00:00,0.3705,0.3712,0.3568,0.3597,3265008.890306
2025-08-02 03:00:00,0.3597,0.3615,0.3512,0.3561,3707712.411957
2025-08-02 04:00:00,0.3561,0.3604,0.3531,0.3573,2910434.882074
2025-08-02 05:00:00,0.3573,0.3574,0.3394,0.3474,5265984.348582
2025-08-02 06:00:00,0.3474,0.3532,0.3405,0.3468,4502331.262202
2025-08-02 07:00:00,0.3468,0.3515,0.3439,0.35,3515692.949291
2025-08-02 08:00:00,0.35,0.3514,0.3459,0.3478,1863489.872178
2025-08-02 09:00:00,0.3478,0.3504,0.3472,0.35,1807107.356186
2025-08-02 10:00:00,0.35,0.3557,0.3477,0.354,3448596.678739
2025-08-02 11:00:00,0.354,0.3639,0.3537,0.3585,2605456.867083
2025-08-02 12:00:00,0.3585,0.3604,0.3532,0.3583,1286888.303107
2025-08-02 13:00:00,0.3583,0.3612,0.3568,0.3607,1682774.433206
2025-08-02 14:00:00,0.3607,0.3617,0.3554,0.356,2753201.667857
2025-08-02 15:00:00,0.356,0.3579,0.3519,0.3532,2716660.849739
2025-08-02 16:00:00,0.3532,0.3554,0.3513,0.3543,1867165.744534
2025-08-02 17:00:00,0.3543,0.3569,0.3506,0.3514,1646825.739446
2025-08-02 18:00:00,0.3514,0.352,0.3488,0.3495,2523041.768584
2025-08-02 19:00:00,0.3495,0.3543,0.3478,0.3488,1865922.032529
2025-08-02 20:00:00,0.3488,0.3501,0.3392,0.345,2880551.199722
2025-08-02 21:00:00,0.345,0.3527,0.3449,0.3508,1453885.279872
2025-08-02 22:00:00,0.3508,0.3553,0.3498,0.354,1228932.258333
2025-08-02 23:00:00,0.354,0.3572,0.3508,0.3549,1052441.190374
2025-08-03 00:00:00,0.3549,0.356,0.3491,0.3551,1300398.477176
2025-08-03 01:00:00,0.3551,0.3587,0.354,0.3572,767537.45275
2025-08-03 02:00:00,0.3572,0.3582,0.3553,0.3568,458035.435262
2025-08-03 03:00:00,0.3568,0.3605,0.3562,0.36,907661.542638
2025-08-03 04:00:00,0.36,0.3631,0.3572,0.3592,2219114.102939
2025-08-03 05:00:00,0.3592,0.3665,0.3592,0.3657,1136287.462947
2025-08-03 06:00:00,0.3657,0.374,0.3629,0.3728,2240687.018091
2025-08-03 07:00:00,0.3728,0.3774,0.3644,0.3691,3427661.488954
2025-08-03 08:00:00,0.3691,0.3708,0.3611,0.3631,1781651.978186
2025-08-03 09:00:00,0.3631,0.3638,0.3588,0.3607,2097760.049992
2025-08-03 10:00:00,0.3607,0.3623,0.3591,0.3621,1242059.085786
2025-08-03 11:00:00,0.3621,0.3681,0.3619,0.3634,2064989.080834
2025-08-03 12:00:00,0.3634,0.3659,0.3616,0.3639,1097582.907314
2025-08-03 13:00:00,0.3639,0.3653,0.3621,0.3631,627120.558466
2025-08-03 14:00:00,0.3631,0.3635,0.3604,0.3619,714329.904329
2025-08-03 15:00:00,0.3619,0.3625,0.3602,0.361,631858.325993
2025-08-03 16:00:00,0.361,0.3649,0.36,0.3637,720601.246448
2025-08-03 17:00:00,0.3637,0.3646,0.3628,0.364,466682.027299
2025-08-03 18:00:00,0.364,0.3674,0.3637,0.3663,753241.337894
2025-08-03 19:00:00,0.3663,0.3673,0.3642,0.3643,758905.044569
2025-08-03 20:00:00,0.3643,0.3653,0.3633,0.3633,363253.403761
2025-08-03 21:00:00,0.3633,0.3643,0.3613,0.3636,875186.266693
2025-08-03 22:00:00,0.3636,0.3642,0.3607,0.3623,494846.288524
2025-08-03 23:00:00,0.3623,0.3631,0.3603,0.3611,434761.903227
2025-08-04 00:00:00,0.3611,0.3641,0.3534,0.3641,3979818.692962
2025-08-04 01:00:00,0.3641,0.3678,0.3595,0.3603,1894404.818321
2025-08-04 02:00:00,0.3603,0.3609,0.3583,0.3602,565891.706785
2025-08-04 03:00:00,0.3602,0.3603,0.355,0.3569,1547056.209563
2025-08-04 04:00:00,0.3569,0.358,0.3548,0.3559,1017994.652843
2025-08-04 05:00:00,0.3559,0.3559,0.3531,0.3555,919887.55605
2025-08-04 06:00:00,0.3555,0.356,0.3537,0.3557,783345.325794
2025-08-04 07:00:00,0.3557,0.3577,0.3552,0.3567,1045227.966969
2025-08-04 08:00:00,0.3567,0.3583,0.3539,0.3539,1148601.375584
2025-08-04 09:00:00,0.3539,0.356,0.3515,0.3521,1594845.800646
2025-08-04 10:00:00,0.3521,0.3527,0.3502,0.3518,1203988.202102
2025-08-04 11:00:00,0.3518,0.3545,0.3516,0.3539,784807.462936
2025-08-04 12:00:00,0.3539,0.3549,0.3528,0.3548,1004146.660005
2025-08-04 13:00:00,0.3548,0.3567,0.3522,0.3564,943966.155428
2025-08-04 14:00:00,0.3564,0.357,0.3533,0.3539,1231334.983779
2025-08-04 15:00:00,0.3539,0.3568,0.3536,0.3563,707942.012823
2025-08-04 16:00:00,0.3563,0.3584,0.3562,0.3574,887549.822852
2025-08-04 17:00:00,0.3574,0.3599,0.3561,0.3565,860142.536575
2025-08-04 18:00:00,0.3565,0.3572,0.3549,0.3553,944607.459061
2025-08-04 19:00:00,0.3553,0.3685,0.355,0.3619,3673477.885787
2025-08-04 20:00:00,0.3619,0.3633,0.3575,0.3585,1242581.295002
2025-08-04 21:00:00,0.3585,0.3622,0.3582,0.3604,487300.430909
2025-08-04 22:00:00,0.3604,0.3639,0.3594,0.3638,1000855.460484
2025-08-04 23:00:00,0.3638,0.3641,0.3608,0.3617,896371.32302
2025-08-05 00:00:00,0.3617,0.3627,0.3572,0.3575,1028010.099758
2025-08-05 01:00:00,0.3575,0.3584,0.354,0.3554,817318.487795
2025-08-05 02:00:00,0.3554,0.3577,0.355,0.357,1128683.371695
2025-08-05 03:00:00,0.357,0.357,0.3538,0.3546,912751.411764
2025-08-05 04:00:00,0.3546,0.3552,0.3524,0.3551,754904.302052
2025-08-05 05:00:00,0.3551,0.3567,0.3546,0.355,322517.87601
2025-08-05 06:00:00,0.355,0.356,0.3526,0.3535,555915.024523
2025-08-05 07:00:00,0.3535,0.3535,0.3503,0.3517,1350695.703978
2025-08-05 08:00:00,0.3517,0.3535,0.3507,0.3525,1077248.174983
2025-08-05 09:00:00,0.3525,0.3544,0.3519,0.3543,694388.829243
2025-08-05 10:00:00,0.3543,0.3556,0.3531,0.3551,612505.862493
2025-08-05 11:00:00,0.3551,0.3557,0.3533,0.3537,1031090.90079
2025-08-05 12:00:00,0.3537,0.3539,0.3499,0.3519,1517712.423806
2025-08-05 13:00:00,0.3519,0.3534,0.3508,0.3528,984382.490226
2025-08-05 14:00:00,0.3528,0.3528,0.3437,0.3458,3625974.804508
2025-08-05 15:00:00,0.3458,0.3465,0.3435,0.3465,2336813.66563
2025-08-05 16:00:00,0.3465,0.3485,0.3452,0.3457,1377094.286455
2025-08-05 17:00:00,0.3457,0.3469,0.3446,0.3461,895951.092397
2025-08-05 18:00:00,0.3461,0.3463,0.3423,0.3436,767860.60209
2025-08-05 19:00:00,0.3436,0.3442,0.3395,0.3407,1841410.67758
2025-08-05 20:00:00,0.3407,0.3426,0.3403,0.3422,528190.435194
2025-08-05 21:00:00,0.3422,0.3448,0.3413,0.342,543445.575074
2025-08-05 22:00:00,0.342,0.3455,0.3383,0.344,1042618.596206
2025-08-05 23:00:00,0.344,0.3464,0.3437,0.344,566785.13133
2025-08-06 00:00:00,0.344,0.3497,0.3434,0.3445,964032.096425
2025-08-06 01:00:00,0.3445,0.3445,0.3417,0.3438,590863.34726
2025-08-06 02:00:00,0.3438,0.3439,0.3404,0.3407,445034.742807
2025-08-06 03:00:00,0.3407,0.3408,0.3357,0.3366,969257.931291
2025-08-06 04:00:00,0.3366,0.3383,0.3337,0.3371,1274542.148043
2025-08-06 05:00:00,0.3371,0.3426,0.3365,0.3399,1193379.209103
2025-08-06 06:00:00,0.3399,0.3415,0.3385,0.3411,973531.020628
2025-08-06 07:00:00,0.3411,0.3423,0.3397,0.3408,705834.143944
2025-08-06 08:00:00,0.3408,0.3413,0.3373,0.3394,849653.863896
2025-08-06 09:00:00,0.3394,0.3418,0.3385,0.3407,598672.497772
2025-08-06 10:00:00,0.3407,0.3408,0.3376,0.3381,1032338.679876
2025-08-06 11:00:00,0.3381,0.3399,0.3375,0.3387,580294.99465
2025-08-06 12:00:00,0.3387,0.3402,0.3374,0.3384,780974.316506
2025-08-06 13:00:00,0.3384,0.3414,0.3381,0.3409,611394.316202
2025-08-06 14:00:00,0.3409,0.3436,0.3395,0.3432,1174089.641391
2025-08-06 15:00:00,0.3432,0.3443,0.3414,0.344,1261266.394633
2025-08-06 16:00:00,0.344,0.3455,0.3415,0.3424,752559.301895
2025-08-06 17:00:00,0.3424,0.3449,0.3415,0.3449,679994.725551
2025-08-06 18:00:00,0.3449,0.3466,0.3436,0.345,920320.358257
2025-08-06 19:00:00,0.345,0.3459,0.3437,0.345,493342.445319
2025-08-06 20:00:00,0.345,0.3452,0.3435,0.3441,423618.666161
2025-08-06 21:00:00,0.3441,0.3452,0.3417,0.3442,763725.481418
2025-08-06 22:00:00,0.3442,0.3453,0.3435,0.3447,378336.537724
2025-08-06 23:00:00,0.3447,0.3452,0.3432,0.345,419006.593216
2025-08-07 00:00:00,0.345,0.3469,0.3433,0.3455,607590.468856
2025-08-07 01:00:00,0.3455,0.3469,0.3442,0.3448,661813.024776
2025-08-07 02:00:00,0.3448,0.3502,0.3444,0.3493,1099929.034184
2025-08-07 03:00:00,0.3493,0.3535,0.3475,0.3489,1791904.242212
2025-08-07 04:00:00,0.3489,0.3489,0.3458,0.3466,948156.828928
2025-08-07 05:00:00,0.3466,0.3495,0.3462,0.349,519041.163062
2025-08-07 06:00:00,0.349,0.3523,0.348,0.3498,1684123.479314
2025-08-07 07:00:00,0.3498,0.3518,0.3492,0.3509,583165.3403
2025-08-07 08:00:00,0.3509,0.3552,0.3509,0.3546,687509.752535
2025-08-07 09:00:00,0.3546,0.3591,0.3532,0.3554,908859.378505
2025-08-07 10:00:00,0.3554,0.3576,0.3533,0.3562,1804995.416208
2025-08-07 11:00:00,0.3562,0.3643,0.356,0.3588,2251802.739542
2025-08-07 12:00:00,0.3588,0.3599,0.3548,0.3569,1957778.284897
2025-08-07 13:00:00,0.3569,0.3572,0.3533,0.3547,2044461.619247
2025-08-07 14:00:00,0.3547,0.3547,0.3513,0.3528,1440205.045154
2025-08-07 15:00:00,0.3528,0.3554,0.3522,0.3552,1206612.447725
2025-08-07 16:00:00,0.3552,0.3557,0.3489,0.3535,1256038.03106
2025-08-07 17:00:00,0.3535,0.3554,0.353,0.3553,810002.471579
2025-08-07 18:00:00,0.3553,0.3571,0.3544,0.356,1063366.822823
2025-08-07 19:00:00,0.356,0.3591,0.3555,0.3587,768933.68601
2025-08-07 20:00:00,0.3587,0.3614,0.3575,0.361,1004787.589885
2025-08-07 21:00:00,0.361,0.3632,0.357,0.3587,1337038.047066
2025-08-07 22:00:00,0.3587,0.3634,0.3587,0.3631,1189490.747785
2025-08-07 23:00:00,0.3631,0.3647,0.3602,0.3611,1918367.001086
2025-08-08 00:00:00,0.3611,0.3666,0.3586,0.3648,2081090.537269
2025-08-08 01:00:00,0.3648,0.3657,0.3611,0.3616,1571246.281159
2025-08-08 02:00:00,0.3616,0.3659,0.3599,0.3659,1637068.451863
2025-08-08 03:00:00,0.3659,0.3699,0.3645,0.3683,1910718.75218
2025-08-08 04:00:00,0.3683,0.3705,0.3654,0.3681,1942856.454761
2025-08-08 05:00:00,0.3681,0.369,0.3652,0.3657,1328866.41158
2025-08-08 06:00:00,0.3657,0.3693,0.3656,0.3674,1103589.601291
2025-08-08 07:00:00,0.3674,0.3688,0.366,0.3675,866583.790884
2025-08-08 08:00:00,0.3675,0.3693,0.3653,0.3665,1082957.975103
2025-08-08 09:00:00,0.3665,0.3667,0.3607,0.3644,2447483.149435
2025-08-08 10:00:00,0.3644,0.3646,0.3613,0.3631,1189994.22286
2025-08-08 11:00:00,0.3631,0.3644,0.3623,0.3637,876915.715639
2025-08-08 12:00:00,0.3637,0.3638,0.3598,0.3598,1424914.007143
2025-08-08 13:00:00,0.3598,0.3655,0.3592,0.3655,2303675.831322
2025-08-08 14:00:00,0.3655,0.3683,0.3639,0.3654,1885841.733042
2025-08-08 15:00:00,0.3654,0.3654,0.3604,0.3626,1278257.261228
2025-08-08 16:00:00,0.3626,0.3657,0.3626,0.3649,1164435.427289
2025-08-08 17:00:00,0.3649,0.3727,0.3649,0.3719,1984155.460623
2025-08-08 18:00:00,0.3719,0.3735,0.3695,0.3699,1716539.043138
2025-08-08 19:00:00,0.3699,0.3714,0.3693,0.3711,1255173.549671
2025-08-08 20:00:00,0.3711,0.3718,0.3684,0.3695,730936.773961
2025-08-08 21:00:00,0.3695,0.3698,0.3681,0.3687,465517.229206
2025-08-08 22:00:00,0.3687,0.3717,0.3673,0.371,871593.083567
2025-08-08 23:00:00,0.371,0.3781,0.371,0.3771,2154424.124165
2025-08-09 00:00:00,0.3771,0.3898,0.3766,0.3826,5574396.098593
2025-08-09 01:00:00,0.3826,0.3895,0.3782,0.3845,2463479.886281
2025-08-09 02:00:00,0.3845,0.3845,0.3789,0.3798,705437.554085
2025-08-09 03:00:00,0.3798,0.3836,0.3792,0.3828,680855.862329
2025-08-09 04:00:00,0.3828,0.3859,0.3801,0.3858,995652.518184
2025-08-09 05:00:00,0.3858,0.396,0.3852,0.3915,3753494.23345
2025-08-09 06:00:00,0.3915,0.4004,0.3883,0.3994,2360821.946328
2025-08-09 07:00:00,0.3994,0.413,0.3993,0.4041,4708405.609985
2025-08-09 08:00:00,0.4041,0.4059,0.3984,0.4023,2479784.199121
2025-08-09 09:00:00,0.4023,0.409,0.3984,0.4078,2159966.129435
2025-08-09 10:00:00,0.4078,0.4364,0.4078,0.4328,10844330.317935
2025-08-09 11:00:00,0.4328,0.4447,0.4048,0.4118,11966462.385446
2025-08-09 12:00:00,0.4118,0.4195,0.4108,0.4164,3537269.60075
2025-08-09 13:00:00,0.4164,0.417,0.406,0.4092,3442446.612111
2025-08-09 14:00:00,0.4092,0.4221,0.4059,0.417,3628089.910123
2025-08-09 15:00:00,0.417,0.4256,0.4146,0.4193,2812041.243325
2025-08-09 16:00:00,0.4193,0.4242,0.4176,0.4222,2014448.647119
2025-08-09 17:00:00,0.4222,0.4288,0.4211,0.4271,1730599.102392
2025-08-09 18:00:00,0.4271,0.4375,0.4217,0.4373,2891870.718062
2025-08-09 19:00:00,0.4373,0.44,0.4278,0.4291,3371723.373372
2025-08-09 20:00:00,0.4291,0.4332,0.426,0.429,1776510.657989
2025-08-09 21:00:00,0.429,0.4311,0.423,0.4267,1833339.282786
2025-08-09 22:00:00,0.4267,0.4428,0.4247,0.4381,1817194.432438
2025-08-09 23:00:00,0.4381,0.4423,0.4324,0.4354,2999374.309398
2025-08-10 00:00:00,0.4354,0.4608,0.4353,0.4599,6988685.001274
2025-08-10 01:00:00,0.4599,0.4661,0.4507,0.4522,5450518.540174
2025-08-10 02:00:00,0.4522,0.4522,0.4232,0.4258,7062154.062849
2025-08-10 03:00:00,0.4258,0.4296,0.4146,0.4262,8134774.859333
2025-08-10 04:00:00,0.4262,0.4317,0.4242,0.4295,3017182.07057
2025-08-10 05:00:00,0.4295,0.4299,0.4146,0.4153,2864784.159643
2025-08-10 06:00:00,0.4153,0.4159,0.4059,0.4118,4169875.226903
2025-08-10 07:00:00,0.4118,0.4145,0.4018,0.4059,3630986.918687
2025-08-10 08:00:00,0.4059,0.4131,0.4006,0.4096,2867385.877952
2025-08-10 09:00:00,0.4096,0.4118,0.4081,0.4091,1756489.269201
2025-08-10 10:00:00,0.4091,0.4102,0.4021,0.4045,2492736.134604
2025-08-10 11:00:00,0.4045,0.4064,0.4019,0.4036,2143626.287993
2025-08-10 12:00:00,0.4036,0.4113,0.4027,0.4077,1765693.575575
2025-08-10 13:00:00,0.4077,0.4077,0.3864,0.3883,8020757.798912
2025-08-10 14:00:00,0.3883,0.3944,0.3843,0.3929,4033256.315983
2025-08-10 15:00:00,0.3929,0.3947,0.3876,0.3897,2734338.765421
2025-08-10 16:00:00,0.3897,0.3948,0.3885,0.3935,1593359.441799
2025-08-10 17:00:00,0.3935,0.3947,0.3918,0.3944,1024912.857229
2025-08-10 18:00:00,0.3944,0.3992,0.3943,0.3985,1475372.339789
2025-08-10 19:00:00,0.3985,0.404,0.3975,0.4024,2461279.775707
2025-08-10 20:00:00,0.4024,0.4048,0.3981,0.4015,1664991.717097
2025-08-10 21:00:00,0.4015,0.4028,0.3984,0.4,980727.455293
2025-08-10 22:00:00,0.4,0.4014,0.3946,0.3972,870305.843753
2025-08-10 23:00:00,0.3972,0.3988,0.3934,0.3948,884199.727777
2025-08-11 00:00:00,0.3948,0.3975,0.3876,0.3888,2420599.225182
2025-08-11 01:00:00,0.3888,0.4015,0.3887,0.3979,2627645.912123
2025-08-11 02:00:00,0.3979,0.4068,0.3978,0.4042,3565345.008373
2025-08-11 03:00:00,0.4042,0.4098,0.4013,0.4086,1996890.512736
2025-08-11 04:00:00,0.4086,0.4201,0.4054,0.4061,11438627.331362
2025-08-11 05:00:00,0.4061,0.411,0.4049,0.4067,4662681.925679
2025-08-11 06:00:00,0.4067,0.412,0.4064,0.4078,2849923.039473
2025-08-11 07:00:00,0.4078,0.4108,0.4058,0.4093,1774952.242782
2025-08-11 08:00:00,0.4093,0.4094,0.4033,0.4061,2125338.349997
2025-08-11 09:00:00,0.4061,0.4093,0.404,0.4061,990808.266028
2025-08-11 10:00:00,0.4061,0.4092,0.4041,0.4076,1099588.457624
2025-08-11 11:00:00,0.4076,0.4091,0.3966,0.4012,4090470.935312
2025-08-11 12:00:00,0.4012,0.4065,0.4002,0.4033,1974046.954893
2025-08-11 13:00:00,0.4033,0.4079,0.3993,0.4067,2781821.025695
2025-08-11 14:00:00,0.4067,0.4088,0.4034,0.4046,1645510.604294
2025-08-11 15:00:00,0.4046,0.4057,0.4013,0.4033,1222981.165231
2025-08-11 16:00:00,0.4033,0.4059,0.394,0.3967,2836141.707116
2025-08-11 17:00:00,0.3967,0.4007,0.3965,0.3987,1618392.810613
2025-08-11 18:00:00,0.3987,0.405,0.398,0.4018,1250847.113172
2025-08-11 19:00:00,0.4018,0.4039,0.3995,0.4014,1225487.516477
2025-08-11 20:00:00,0.4014,0.4047,0.3994,0.4038,1255299.047969
2025-08-11 21:00:00,0.4038,0.4053,0.3989,0.4024,1271726.986552
2025-08-11 22:00:00,0.4024,0.4032,0.397,0.3997,2631865.281287
2025-08-11 23:00:00,0.3997,0.4011,0.3965,0.399,1228041.535661
2025-08-12 00:00:00,0.399,0.4022,0.3959,0.4019,1949298.177654
2025-08-12 01:00:00,0.4019,0.4032,0.3984,0.3991,1034068.231997
2025-08-12 02:00:00,0.3991,0.4,0.3963,0.3964,1026292.833675
2025-08-12 03:00:00,0.3964,0.3964,0.388,0.3891,2593140.352458
2025-08-12 04:00:00,0.3891,0.3909,0.3818,0.389,1817238.86857
2025-08-12 05:00:00,0.389,0.3891,0.3791,0.3825,3231307.151054
2025-08-12 06:00:00,0.3825,0.384,0.3769,0.383,3334086.565232
2025-08-12 07:00:00,0.383,0.3869,0.3824,0.3834,2201708.551717
2025-08-12 08:00:00,0.3834,0.3834,0.3782,0.3789,1034821.437165
2025-08-12 09:00:00,0.3789,0.3789,0.3748,0.3774,1528752.06353
2025-08-12 10:00:00,0.3774,0.3798,0.3747,0.3794,1198827.853473
2025-08-12 11:00:00,0.3794,0.3817,0.3768,0.3806,829932.869719
2025-08-12 12:00:00,0.3806,0.3869,0.3793,0.3842,1954565.803651
2025-08-12 13:00:00,0.3842,0.3847,0.3801,0.3818,1064566.280994
2025-08-12 14:00:00,0.3818,0.385,0.3809,0.3849,805377.019121
2025-08-12 15:00:00,0.3849,0.3881,0.3835,0.3849,835714.008975
2025-08-12 16:00:00,0.3849,0.3876,0.3849,0.3872,930805.00522
2025-08-12 17:00:00,0.3872,0.3898,0.3856,0.3865,1256526.452745
2025-08-12 18:00:00,0.3865,0.3895,0.3864,0.3872,827784.220785
2025-08-12 19:00:00,0.3872,0.3904,0.386,0.3898,971094.513966
2025-08-12 20:00:00,0.3898,0.3928,0.3875,0.3903,1359715.860816
2025-08-12 21:00:00,0.3903,0.3927,0.3899,0.391,682204.139999
2025-08-12 22:00:00,0.391,0.3961,0.3901,0.393,1492969.87762
2025-08-12 23:00:00,0.393,0.3935,0.3902,0.3926,1059705.343176
2025-08-13 00:00:00,0.3926,0.3942,0.388,0.3889,1589353.03635
2025-08-13 01:00:00,0.3889,0.389,0.3844,0.3863,1809562.806919
2025-08-13 02:00:00,0.3863,0.39,0.3852,0.3883,961648.389591
2025-08-13 03:00:00,0.3883,0.3941,0.3883,0.3931,1036215.340921
2025-08-13 04:00:00,0.3931,0.3947,0.3915,0.3927,1057046.898841
2025-08-13 05:00:00,0.3927,0.3928,0.3883,0.3893,910226.95184
2025-08-13 06:00:00,0.3893,0.3915,0.3886,0.3907,536444.81883
2025-08-13 07:00:00,0.3907,0.3931,0.3897,0.3929,988088.521896
2025-08-13 08:00:00,0.3929,0.3936,0.3912,0.3931,839122.917569
2025-08-13 09:00:00,0.3931,0.3987,0.393,0.3978,1442654.4884
2025-08-13 10:00:00,0.3978,0.4036,0.3974,0.398,2305490.542348
2025-08-13 11:00:00,0.398,0.4012,0.3962,0.4003,1266641.481351
2025-08-13 12:00:00,0.4003,0.4047,0.3989,0.4002,1469005.823489
2025-08-13 13:00:00,0.4002,0.4021,0.3948,0.3979,1720371.146463
2025-08-13 14:00:00,0.3979,0.3993,0.3944,0.3958,1179326.380402
2025-08-13 15:00:00,0.3958,0.3979,0.3937,0.397,753737.246232
2025-08-13 16:00:00,0.397,0.4007,0.3962,0.3998,865189.099299
2025-08-13 17:00:00,0.3998,0.4009,0.3991,0.3997,519255.902934
2025-08-13 18:00:00,0.3997,0.4004,0.3964,0.3991,504209.788901
2025-08-13 19:00:00,0.3991,0.4005,0.3986,0.4005,441998.162886
2025-08-13 20:00:00,0.4005,0.4005,0.3981,0.3982,417609.728224
2025-08-13 21:00:00,0.3982,0.3999,0.3974,0.3977,268228.651438
2025-08-13 22:00:00,0.3977,0.4024,0.3967,0.3999,870235.964768
2025-08-13 23:00:00,0.3999,0.4025,0.3999,0.4008,692010.707551
2025-08-14 00:00:00,0.4008,0.4013,0.3979,0.3986,992909.192038
2025-08-14 01:00:00,0.3986,0.4012,0.3964,0.3996,678101.456642
2025-08-14 02:00:00,0.3996,0.4037,0.3992,0.4034,1212121.701008
2025-08-14 03:00:00,0.4034,0.4086,0.403,0.4052,2122676.386465
2025-08-14 04:00:00,0.4052,0.4057,0.4022,0.4025,1211705.788885
2025-08-14 05:00:00,0.4025,0.4052,0.4008,0.4048,1579143.817286
2025-08-14 06:00:00,0.4048,0.4048,0.4007,0.4024,1736927.89152
2025-08-14 07:00:00,0.4024,0.4031,0.4006,0.4024,1038616.974514
2025-08-14 08:00:00,0.4024,0.4034,0.3957,0.3977,2801239.614758
2025-08-14 09:00:00,0.3977,0.3986,0.3941,0.3974,2057857.139367
2025-08-14 10:00:00,0.3974,0.3976,0.3878,0.3922,3128327.847889
2025-08-14 11:00:00,0.3922,0.3934,0.3906,0.3916,1407774.904656
2025-08-14 12:00:00,0.3916,0.3938,0.371,0.381,6306469.430153
2025-08-14 13:00:00,0.381,0.3851,0.3737,0.3831,4239956.2087
